timestamp,open,high,low,close,volume,vwap,transactions,otc,time
2023-05-10 09:30:00-04:00,2.94,2.95,2.87,2.87,10,2.934,3,,09:30:00
2023-05-10 09:31:00-04:00,2.86,2.86,2.74,2.76,11,2.7927,8,,09:31:00
2023-05-10 09:32:00-04:00,2.63,2.72,2.63,2.72,120,2.6501,11,,09:32:00
2023-05-10 09:33:00-04:00,2.7,2.72,2.69,2.7,102,2.7053,8,,09:33:00
2023-05-10 09:34:00-04:00,2.66,2.67,2.63,2.63,112,2.6605,10,,09:34:00
2023-05-10 09:35:00-04:00,2.66,2.78,2.66,2.74,248,2.7392,15,,09:35:00
2023-05-10 09:36:00-04:00,2.79,2.79,2.7,2.7,157,2.7306,9,,09:36:00
2023-05-10 09:37:00-04:00,2.67,3.0,2.64,3.0,25,2.7252,7,,09:37:00
2023-05-10 09:38:00-04:00,3.02,3.1,3.02,3.05,31,3.0506,9,,09:38:00
2023-05-10 09:39:00-04:00,3.06,3.28,3.06,3.28,5,3.216,4,,09:39:00
2023-05-10 09:40:00-04:00,3.3,3.55,3.28,3.55,206,3.4267,17,,09:40:00
2023-05-10 09:41:00-04:00,3.54,3.86,3.51,3.78,55,3.6775,14,,09:41:00
2023-05-10 09:42:00-04:00,3.75,3.98,3.75,3.98,110,3.8033,5,,09:42:00
2023-05-10 09:43:00-04:00,3.86,3.86,3.8,3.8,3,3.84,2,,09:43:00
2023-05-10 09:44:00-04:00,3.73,3.73,3.68,3.68,11,3.7255,4,,09:44:00
2023-05-10 09:45:00-04:00,3.73,3.73,3.68,3.68,11,3.7255,4,,09:45:00
2023-05-10 09:46:00-04:00,3.72,3.85,3.72,3.85,9,3.7344,2,,09:46:00
2023-05-10 09:47:00-04:00,3.91,3.94,3.91,3.94,32,3.9384,3,,09:47:00
2023-05-10 09:48:00-04:00,4.03,4.24,4.03,4.24,14,4.0829,6,,09:48:00
2023-05-10 09:49:00-04:00,4.03,4.24,4.03,4.24,14,4.0829,6,,09:49:00
2023-05-10 09:50:00-04:00,4.03,4.24,4.03,4.24,14,4.0829,6,,09:50:00
2023-05-10 09:51:00-04:00,4.17,4.17,4.17,4.17,5,4.17,1,,09:51:00
2023-05-10 09:52:00-04:00,4.23,4.23,4.23,4.23,1,4.23,1,,09:52:00
2023-05-10 09:53:00-04:00,4.2,4.2,4.2,4.2,1,4.2,1,,09:53:00
2023-05-10 09:54:00-04:00,4.2,4.2,4.2,4.2,1,4.2,1,,09:54:00
2023-05-10 09:55:00-04:00,4.25,4.25,4.25,4.25,20,4.25,3,,09:55:00
2023-05-10 09:56:00-04:00,3.99,3.99,3.99,3.99,1,3.99,1,,09:56:00
2023-05-10 09:57:00-04:00,3.84,3.84,3.82,3.82,21,3.821,3,,09:57:00
2023-05-10 09:58:00-04:00,3.76,3.76,3.75,3.75,2,3.755,2,,09:58:00
2023-05-10 09:59:00-04:00,3.69,3.71,3.69,3.71,5,3.706,2,,09:59:00
2023-05-10 10:00:00-04:00,3.69,3.71,3.69,3.71,5,3.706,2,,10:00:00
2023-05-10 10:01:00-04:00,3.36,3.36,3.34,3.34,12,3.3433,3,,10:01:00
2023-05-10 10:02:00-04:00,3.28,3.28,3.18,3.18,33,3.2042,3,,10:02:00
2023-05-10 10:03:00-04:00,3.11,3.11,3.11,3.11,10,3.11,1,,10:03:00
2023-05-10 10:04:00-04:00,3.06,3.11,3.06,3.11,17,3.0953,3,,10:04:00
2023-05-10 10:05:00-04:00,3.06,3.11,3.06,3.11,17,3.0953,3,,10:05:00
2023-05-10 10:06:00-04:00,3.06,3.11,3.06,3.11,17,3.0953,3,,10:06:00
2023-05-10 10:07:00-04:00,3.06,3.11,3.06,3.11,17,3.0953,3,,10:07:00
2023-05-10 10:08:00-04:00,3.06,3.11,3.06,3.11,17,3.0953,3,,10:08:00
2023-05-10 10:09:00-04:00,3.07,3.07,3.05,3.05,2,3.06,2,,10:09:00
2023-05-10 10:10:00-04:00,3.23,3.25,3.23,3.25,11,3.2318,11,,10:10:00
2023-05-10 10:11:00-04:00,3.23,3.25,3.23,3.25,11,3.2318,11,,10:11:00
2023-05-10 10:12:00-04:00,3.16,3.17,3.16,3.17,11,3.1609,2,,10:12:00
2023-05-10 10:13:00-04:00,3.16,3.17,3.16,3.17,11,3.1609,2,,10:13:00
2023-05-10 10:14:00-04:00,3.16,3.17,3.16,3.17,11,3.1609,2,,10:14:00
2023-05-10 10:15:00-04:00,3.16,3.17,3.16,3.17,11,3.1609,2,,10:15:00
2023-05-10 10:16:00-04:00,3.23,3.23,3.23,3.23,3,3.23,1,,10:16:00
2023-05-10 10:17:00-04:00,3.23,3.23,3.23,3.23,3,3.23,1,,10:17:00
2023-05-10 10:18:00-04:00,3.42,3.77,3.42,3.77,101,3.7243,3,,10:18:00
2023-05-10 10:19:00-04:00,3.86,3.94,3.86,3.94,2,3.9,2,,10:19:00
2023-05-10 10:20:00-04:00,3.73,3.73,3.73,3.73,1,3.73,1,,10:20:00
2023-05-10 10:21:00-04:00,3.73,3.73,3.73,3.73,1,3.73,1,,10:21:00
2023-05-10 10:22:00-04:00,3.73,3.73,3.73,3.73,1,3.73,1,,10:22:00
2023-05-10 10:23:00-04:00,3.73,3.73,3.73,3.73,1,3.73,1,,10:23:00
2023-05-10 10:24:00-04:00,3.65,3.65,3.54,3.54,12,3.5583,6,,10:24:00
2023-05-10 10:25:00-04:00,3.6,3.6,3.6,3.6,5,3.6,1,,10:25:00
2023-05-10 10:26:00-04:00,3.6,3.6,3.6,3.6,5,3.6,1,,10:26:00
2023-05-10 10:27:00-04:00,3.6,3.6,3.6,3.6,5,3.6,1,,10:27:00
2023-05-10 10:28:00-04:00,3.6,3.6,3.6,3.6,5,3.6,1,,10:28:00
2023-05-10 10:29:00-04:00,3.6,3.6,3.6,3.6,5,3.6,1,,10:29:00
2023-05-10 10:30:00-04:00,3.6,3.6,3.6,3.6,5,3.6,1,,10:30:00
2023-05-10 10:31:00-04:00,3.63,3.63,3.63,3.63,1,3.63,1,,10:31:00
2023-05-10 10:32:00-04:00,3.57,3.57,3.55,3.55,9,3.5589,2,,10:32:00
2023-05-10 10:33:00-04:00,3.51,3.51,3.51,3.51,6,3.51,4,,10:33:00
2023-05-10 10:34:00-04:00,3.51,3.51,3.51,3.51,6,3.51,4,,10:34:00
2023-05-10 10:35:00-04:00,3.51,3.51,3.51,3.51,6,3.51,4,,10:35:00
2023-05-10 10:36:00-04:00,3.51,3.51,3.51,3.51,6,3.51,4,,10:36:00
2023-05-10 10:37:00-04:00,3.92,3.92,3.92,3.92,1,3.92,1,,10:37:00
2023-05-10 10:38:00-04:00,3.92,3.92,3.92,3.92,1,3.92,1,,10:38:00
2023-05-10 10:39:00-04:00,3.92,3.92,3.92,3.92,1,3.92,1,,10:39:00
2023-05-10 10:40:00-04:00,3.82,3.82,3.82,3.82,1,3.82,1,,10:40:00
2023-05-10 10:41:00-04:00,3.82,3.82,3.82,3.82,1,3.82,1,,10:41:00
2023-05-10 10:42:00-04:00,4.3,4.39,4.3,4.39,6,4.315,2,,10:42:00
2023-05-10 10:43:00-04:00,4.3,4.39,4.3,4.39,6,4.315,2,,10:43:00
2023-05-10 10:44:00-04:00,4.3,4.39,4.3,4.39,6,4.315,2,,10:44:00
2023-05-10 10:45:00-04:00,4.3,4.39,4.3,4.39,6,4.315,2,,10:45:00
2023-05-10 10:46:00-04:00,4.3,4.39,4.3,4.39,6,4.315,2,,10:46:00
2023-05-10 10:47:00-04:00,4.3,4.39,4.3,4.39,6,4.315,2,,10:47:00
2023-05-10 10:48:00-04:00,4.3,4.39,4.3,4.39,6,4.315,2,,10:48:00
2023-05-10 10:49:00-04:00,4.44,4.44,4.44,4.44,3,4.44,1,,10:49:00
2023-05-10 10:50:00-04:00,4.71,4.71,4.71,4.71,2,4.71,1,,10:50:00
2023-05-10 10:51:00-04:00,4.86,4.86,4.86,4.86,2,4.86,1,,10:51:00
2023-05-10 10:52:00-04:00,4.86,4.86,4.86,4.86,2,4.86,1,,10:52:00
2023-05-10 10:53:00-04:00,4.86,4.86,4.86,4.86,2,4.86,1,,10:53:00
2023-05-10 10:54:00-04:00,4.86,4.86,4.86,4.86,2,4.86,1,,10:54:00
2023-05-10 10:55:00-04:00,4.86,4.86,4.86,4.86,2,4.86,1,,10:55:00
2023-05-10 10:56:00-04:00,4.86,4.86,4.86,4.86,2,4.86,1,,10:56:00
2023-05-10 10:57:00-04:00,4.65,4.65,4.65,4.65,10,4.65,1,,10:57:00
2023-05-10 10:58:00-04:00,4.65,4.65,4.65,4.65,10,4.65,1,,10:58:00
2023-05-10 10:59:00-04:00,4.65,4.65,4.65,4.65,10,4.65,1,,10:59:00
2023-05-10 11:00:00-04:00,4.65,4.65,4.65,4.65,10,4.65,1,,11:00:00
2023-05-10 11:01:00-04:00,4.65,4.65,4.65,4.65,10,4.65,1,,11:01:00
2023-05-10 11:02:00-04:00,4.65,4.65,4.65,4.65,10,4.65,1,,11:02:00
2023-05-10 11:03:00-04:00,4.65,4.65,4.65,4.65,10,4.65,1,,11:03:00
2023-05-10 11:04:00-04:00,4.65,4.65,4.65,4.65,10,4.65,1,,11:04:00
2023-05-10 11:05:00-04:00,4.65,4.65,4.65,4.65,10,4.65,1,,11:05:00
2023-05-10 11:06:00-04:00,4.65,4.65,4.65,4.65,10,4.65,1,,11:06:00
2023-05-10 11:07:00-04:00,4.65,4.65,4.65,4.65,10,4.65,1,,11:07:00
2023-05-10 11:08:00-04:00,4.65,4.65,4.65,4.65,10,4.65,1,,11:08:00
2023-05-10 11:09:00-04:00,4.65,4.65,4.65,4.65,10,4.65,1,,11:09:00
2023-05-10 11:10:00-04:00,4.65,4.65,4.65,4.65,10,4.65,1,,11:10:00
2023-05-10 11:11:00-04:00,4.65,4.65,4.65,4.65,10,4.65,1,,11:11:00
2023-05-10 11:12:00-04:00,4.65,4.65,4.65,4.65,10,4.65,1,,11:12:00
2023-05-10 11:13:00-04:00,4.65,4.65,4.65,4.65,10,4.65,1,,11:13:00
2023-05-10 11:14:00-04:00,4.65,4.65,4.65,4.65,10,4.65,1,,11:14:00
2023-05-10 11:15:00-04:00,4.65,4.65,4.65,4.65,10,4.65,1,,11:15:00
2023-05-10 11:16:00-04:00,4.65,4.65,4.65,4.65,10,4.65,1,,11:16:00
2023-05-10 11:17:00-04:00,4.65,4.65,4.65,4.65,10,4.65,1,,11:17:00
2023-05-10 11:18:00-04:00,4.65,4.65,4.65,4.65,10,4.65,1,,11:18:00
2023-05-10 11:19:00-04:00,4.65,4.65,4.65,4.65,10,4.65,1,,11:19:00
2023-05-10 11:20:00-04:00,4.65,4.65,4.65,4.65,10,4.65,1,,11:20:00
2023-05-10 11:21:00-04:00,4.65,4.65,4.65,4.65,10,4.65,1,,11:21:00
2023-05-10 11:22:00-04:00,4.65,4.65,4.65,4.65,10,4.65,1,,11:22:00
2023-05-10 11:23:00-04:00,4.65,4.65,4.65,4.65,10,4.65,1,,11:23:00
2023-05-10 11:24:00-04:00,4.65,4.65,4.65,4.65,10,4.65,1,,11:24:00
2023-05-10 11:25:00-04:00,4.65,4.65,4.65,4.65,10,4.65,1,,11:25:00
2023-05-10 11:26:00-04:00,3.86,3.86,3.86,3.86,7,3.86,3,,11:26:00
2023-05-10 11:27:00-04:00,3.86,3.86,3.86,3.86,7,3.86,3,,11:27:00
2023-05-10 11:28:00-04:00,3.86,3.86,3.86,3.86,7,3.86,3,,11:28:00
2023-05-10 11:29:00-04:00,3.86,3.86,3.86,3.86,7,3.86,3,,11:29:00
2023-05-10 11:30:00-04:00,3.85,3.85,3.85,3.85,20,3.85,1,,11:30:00
2023-05-10 11:31:00-04:00,3.85,3.85,3.78,3.78,44,3.8136,9,,11:31:00
2023-05-10 11:32:00-04:00,3.77,3.77,3.77,3.77,20,3.77,1,,11:32:00
2023-05-10 11:33:00-04:00,3.77,3.77,3.77,3.77,20,3.77,1,,11:33:00
2023-05-10 11:34:00-04:00,3.64,3.64,3.6,3.6,11,3.6364,4,,11:34:00
2023-05-10 11:35:00-04:00,3.64,3.64,3.6,3.6,11,3.6364,4,,11:35:00
2023-05-10 11:36:00-04:00,3.61,3.61,3.61,3.61,7,3.61,1,,11:36:00
2023-05-10 11:37:00-04:00,3.63,3.63,3.63,3.63,1,3.63,1,,11:37:00
2023-05-10 11:38:00-04:00,3.63,3.63,3.63,3.63,1,3.63,1,,11:38:00
2023-05-10 11:39:00-04:00,3.63,3.63,3.63,3.63,1,3.63,1,,11:39:00
2023-05-10 11:40:00-04:00,3.69,3.69,3.69,3.69,1,3.69,1,,11:40:00
2023-05-10 11:41:00-04:00,3.69,3.69,3.69,3.69,1,3.69,1,,11:41:00
2023-05-10 11:42:00-04:00,3.69,3.69,3.69,3.69,1,3.69,1,,11:42:00
2023-05-10 11:43:00-04:00,3.69,3.69,3.69,3.69,1,3.69,1,,11:43:00
2023-05-10 11:44:00-04:00,3.69,3.69,3.69,3.69,1,3.69,1,,11:44:00
2023-05-10 11:45:00-04:00,3.69,3.69,3.69,3.69,1,3.69,1,,11:45:00
2023-05-10 11:46:00-04:00,3.69,3.69,3.69,3.69,1,3.69,1,,11:46:00
2023-05-10 11:47:00-04:00,3.69,3.69,3.69,3.69,1,3.69,1,,11:47:00
2023-05-10 11:48:00-04:00,3.69,3.69,3.69,3.69,1,3.69,1,,11:48:00
2023-05-10 11:49:00-04:00,3.69,3.69,3.69,3.69,1,3.69,1,,11:49:00
2023-05-10 11:50:00-04:00,3.69,3.69,3.69,3.69,1,3.69,1,,11:50:00
2023-05-10 11:51:00-04:00,3.69,3.69,3.69,3.69,1,3.69,1,,11:51:00
2023-05-10 11:52:00-04:00,3.69,3.69,3.69,3.69,1,3.69,1,,11:52:00
2023-05-10 11:53:00-04:00,3.69,3.69,3.69,3.69,1,3.69,1,,11:53:00
2023-05-10 11:54:00-04:00,3.69,3.69,3.69,3.69,1,3.69,1,,11:54:00
2023-05-10 11:55:00-04:00,3.69,3.69,3.69,3.69,1,3.69,1,,11:55:00
2023-05-10 11:56:00-04:00,3.69,3.69,3.69,3.69,1,3.69,1,,11:56:00
2023-05-10 11:57:00-04:00,3.91,3.91,3.91,3.91,1,3.91,1,,11:57:00
2023-05-10 11:58:00-04:00,3.91,3.91,3.91,3.91,1,3.91,1,,11:58:00
2023-05-10 11:59:00-04:00,3.91,3.91,3.91,3.91,1,3.91,1,,11:59:00
2023-05-10 12:00:00-04:00,3.91,3.91,3.91,3.91,1,3.91,1,,12:00:00
2023-05-10 12:01:00-04:00,4.12,4.2,4.12,4.2,15,4.1947,2,,12:01:00
2023-05-10 12:02:00-04:00,4.2,4.2,4.2,4.2,4,4.2,1,,12:02:00
2023-05-10 12:03:00-04:00,4.2,4.2,4.2,4.2,4,4.2,1,,12:03:00
2023-05-10 12:04:00-04:00,4.2,4.2,4.2,4.2,4,4.2,1,,12:04:00
2023-05-10 12:05:00-04:00,4.2,4.2,4.2,4.2,4,4.2,1,,12:05:00
2023-05-10 12:06:00-04:00,4.25,4.25,4.25,4.25,10,4.25,1,,12:06:00
2023-05-10 12:07:00-04:00,4.25,4.25,4.25,4.25,1,4.25,1,,12:07:00
2023-05-10 12:08:00-04:00,4.25,4.25,4.25,4.25,1,4.25,1,,12:08:00
2023-05-10 12:09:00-04:00,4.25,4.25,4.25,4.25,1,4.25,1,,12:09:00
2023-05-10 12:10:00-04:00,4.31,4.31,4.31,4.31,1,4.31,1,,12:10:00
2023-05-10 12:11:00-04:00,4.31,4.31,4.31,4.31,1,4.31,1,,12:11:00
2023-05-10 12:12:00-04:00,4.08,4.08,4.08,4.08,5,4.08,1,,12:12:00
2023-05-10 12:13:00-04:00,4.02,4.02,4.02,4.02,5,4.02,1,,12:13:00
2023-05-10 12:14:00-04:00,4.02,4.02,4.02,4.02,5,4.02,1,,12:14:00
2023-05-10 12:15:00-04:00,4.02,4.02,4.02,4.02,5,4.02,1,,12:15:00
2023-05-10 12:16:00-04:00,4.02,4.02,4.02,4.02,5,4.02,1,,12:16:00
2023-05-10 12:17:00-04:00,4.02,4.02,4.02,4.02,5,4.02,1,,12:17:00
2023-05-10 12:18:00-04:00,4.25,4.25,4.25,4.25,10,4.25,1,,12:18:00
2023-05-10 12:19:00-04:00,4.25,4.25,4.25,4.25,10,4.25,1,,12:19:00
2023-05-10 12:20:00-04:00,4.25,4.25,4.25,4.25,10,4.25,1,,12:20:00
2023-05-10 12:21:00-04:00,4.25,4.25,4.25,4.25,10,4.25,1,,12:21:00
2023-05-10 12:22:00-04:00,4.25,4.25,4.25,4.25,10,4.25,1,,12:22:00
2023-05-10 12:23:00-04:00,4.25,4.25,4.25,4.25,10,4.25,1,,12:23:00
2023-05-10 12:24:00-04:00,4.25,4.25,4.25,4.25,10,4.25,1,,12:24:00
2023-05-10 12:25:00-04:00,4.25,4.25,4.25,4.25,10,4.25,1,,12:25:00
2023-05-10 12:26:00-04:00,4.25,4.25,4.25,4.25,10,4.25,1,,12:26:00
2023-05-10 12:27:00-04:00,4.25,4.25,4.25,4.25,10,4.25,1,,12:27:00
2023-05-10 12:28:00-04:00,4.25,4.25,4.25,4.25,10,4.25,1,,12:28:00
2023-05-10 12:29:00-04:00,4.25,4.25,4.25,4.25,10,4.25,1,,12:29:00
2023-05-10 12:30:00-04:00,4.25,4.25,4.25,4.25,10,4.25,1,,12:30:00
2023-05-10 12:31:00-04:00,4.25,4.25,4.25,4.25,10,4.25,1,,12:31:00
2023-05-10 12:32:00-04:00,4.25,4.25,4.25,4.25,10,4.25,1,,12:32:00
2023-05-10 12:33:00-04:00,4.25,4.25,4.25,4.25,10,4.25,1,,12:33:00
2023-05-10 12:34:00-04:00,4.25,4.25,4.25,4.25,10,4.25,1,,12:34:00
2023-05-10 12:35:00-04:00,4.25,4.25,4.25,4.25,10,4.25,1,,12:35:00
2023-05-10 12:36:00-04:00,4.25,4.25,4.25,4.25,10,4.25,1,,12:36:00
2023-05-10 12:37:00-04:00,4.25,4.25,4.25,4.25,10,4.25,1,,12:37:00
2023-05-10 12:38:00-04:00,4.25,4.25,4.25,4.25,10,4.25,1,,12:38:00
2023-05-10 12:39:00-04:00,4.25,4.25,4.25,4.25,10,4.25,1,,12:39:00
2023-05-10 12:40:00-04:00,4.25,4.25,4.25,4.25,10,4.25,1,,12:40:00
2023-05-10 12:41:00-04:00,4.25,4.25,4.25,4.25,10,4.25,1,,12:41:00
2023-05-10 12:42:00-04:00,4.25,4.25,4.25,4.25,10,4.25,1,,12:42:00
2023-05-10 12:43:00-04:00,4.25,4.25,4.25,4.25,10,4.25,1,,12:43:00
2023-05-10 12:44:00-04:00,4.25,4.25,4.25,4.25,10,4.25,1,,12:44:00
2023-05-10 12:45:00-04:00,4.25,4.25,4.25,4.25,10,4.25,1,,12:45:00
2023-05-10 12:46:00-04:00,4.25,4.25,4.25,4.25,10,4.25,1,,12:46:00
2023-05-10 12:47:00-04:00,4.25,4.25,4.25,4.25,10,4.25,1,,12:47:00
2023-05-10 12:48:00-04:00,4.25,4.25,4.25,4.25,10,4.25,1,,12:48:00
2023-05-10 12:49:00-04:00,4.25,4.25,4.25,4.25,10,4.25,1,,12:49:00
2023-05-10 12:50:00-04:00,4.35,4.35,4.35,4.35,10,4.35,1,,12:50:00
2023-05-10 12:51:00-04:00,4.35,4.35,4.35,4.35,10,4.35,1,,12:51:00
2023-05-10 12:52:00-04:00,4.35,4.35,4.35,4.35,10,4.35,1,,12:52:00
2023-05-10 12:53:00-04:00,4.35,4.35,4.35,4.35,10,4.35,1,,12:53:00
2023-05-10 12:54:00-04:00,4.35,4.35,4.35,4.35,10,4.35,1,,12:54:00
2023-05-10 12:55:00-04:00,4.35,4.35,4.35,4.35,10,4.35,1,,12:55:00
2023-05-10 12:56:00-04:00,4.35,4.35,4.35,4.35,10,4.35,1,,12:56:00
2023-05-10 12:57:00-04:00,4.35,4.35,4.35,4.35,10,4.35,1,,12:57:00
2023-05-10 12:58:00-04:00,4.35,4.35,4.35,4.35,10,4.35,1,,12:58:00
2023-05-10 12:59:00-04:00,4.35,4.35,4.35,4.35,10,4.35,1,,12:59:00
2023-05-10 13:00:00-04:00,4.35,4.35,4.35,4.35,10,4.35,1,,13:00:00
2023-05-10 13:01:00-04:00,4.35,4.35,4.35,4.35,10,4.35,1,,13:01:00
2023-05-10 13:02:00-04:00,4.75,4.75,4.75,4.75,1,4.75,1,,13:02:00
2023-05-10 13:03:00-04:00,4.75,4.75,4.75,4.75,1,4.75,1,,13:03:00
2023-05-10 13:04:00-04:00,4.75,4.75,4.75,4.75,1,4.75,1,,13:04:00
2023-05-10 13:05:00-04:00,4.75,4.75,4.75,4.75,1,4.75,1,,13:05:00
2023-05-10 13:06:00-04:00,4.75,4.75,4.75,4.75,1,4.75,1,,13:06:00
2023-05-10 13:07:00-04:00,4.75,4.75,4.75,4.75,1,4.75,1,,13:07:00
2023-05-10 13:08:00-04:00,4.75,4.75,4.75,4.75,1,4.75,1,,13:08:00
2023-05-10 13:09:00-04:00,4.75,4.75,4.75,4.75,1,4.75,1,,13:09:00
2023-05-10 13:10:00-04:00,4.75,4.75,4.75,4.75,1,4.75,1,,13:10:00
2023-05-10 13:11:00-04:00,4.75,4.75,4.75,4.75,1,4.75,1,,13:11:00
2023-05-10 13:12:00-04:00,4.94,4.94,4.94,4.94,1,4.94,1,,13:12:00
2023-05-10 13:13:00-04:00,4.94,4.94,4.94,4.94,1,4.94,1,,13:13:00
2023-05-10 13:14:00-04:00,4.76,4.76,4.76,4.76,1,4.76,1,,13:14:00
2023-05-10 13:15:00-04:00,4.76,4.76,4.76,4.76,1,4.76,1,,13:15:00
2023-05-10 13:16:00-04:00,4.76,4.76,4.76,4.76,1,4.76,1,,13:16:00
2023-05-10 13:17:00-04:00,4.76,4.76,4.76,4.76,1,4.76,1,,13:17:00
2023-05-10 13:18:00-04:00,4.76,4.76,4.76,4.76,1,4.76,1,,13:18:00
2023-05-10 13:19:00-04:00,4.76,4.76,4.76,4.76,1,4.76,1,,13:19:00
2023-05-10 13:20:00-04:00,4.76,4.76,4.76,4.76,1,4.76,1,,13:20:00
2023-05-10 13:21:00-04:00,4.76,4.76,4.76,4.76,1,4.76,1,,13:21:00
2023-05-10 13:22:00-04:00,4.76,4.76,4.76,4.76,1,4.76,1,,13:22:00
2023-05-10 13:23:00-04:00,4.76,4.76,4.76,4.76,1,4.76,1,,13:23:00
2023-05-10 13:24:00-04:00,4.76,4.76,4.76,4.76,1,4.76,1,,13:24:00
2023-05-10 13:25:00-04:00,4.76,4.76,4.76,4.76,1,4.76,1,,13:25:00
2023-05-10 13:26:00-04:00,4.76,4.76,4.76,4.76,1,4.76,1,,13:26:00
2023-05-10 13:27:00-04:00,5.75,6.06,5.75,6.06,84,5.7648,2,,13:27:00
2023-05-10 13:28:00-04:00,5.75,6.06,5.75,6.06,84,5.7648,2,,13:28:00
2023-05-10 13:29:00-04:00,5.65,5.66,5.6,5.6,4,5.6425,4,,13:29:00
2023-05-10 13:30:00-04:00,5.65,5.66,5.6,5.6,4,5.6425,4,,13:30:00
2023-05-10 13:31:00-04:00,5.65,5.66,5.6,5.6,4,5.6425,4,,13:31:00
2023-05-10 13:32:00-04:00,5.65,5.66,5.6,5.6,4,5.6425,4,,13:32:00
2023-05-10 13:33:00-04:00,5.65,5.66,5.6,5.6,4,5.6425,4,,13:33:00
2023-05-10 13:34:00-04:00,5.65,5.66,5.6,5.6,4,5.6425,4,,13:34:00
2023-05-10 13:35:00-04:00,5.65,5.66,5.6,5.6,4,5.6425,4,,13:35:00
2023-05-10 13:36:00-04:00,5.47,5.47,5.47,5.47,1,5.47,1,,13:36:00
2023-05-10 13:37:00-04:00,5.47,5.47,5.47,5.47,1,5.47,1,,13:37:00
2023-05-10 13:38:00-04:00,5.47,5.47,5.47,5.47,1,5.47,1,,13:38:00
2023-05-10 13:39:00-04:00,5.47,5.47,5.47,5.47,1,5.47,1,,13:39:00
2023-05-10 13:40:00-04:00,5.47,5.47,5.47,5.47,1,5.47,1,,13:40:00
2023-05-10 13:41:00-04:00,5.47,5.47,5.47,5.47,1,5.47,1,,13:41:00
2023-05-10 13:42:00-04:00,5.47,5.47,5.47,5.47,1,5.47,1,,13:42:00
2023-05-10 13:43:00-04:00,5.47,5.47,5.47,5.47,1,5.47,1,,13:43:00
2023-05-10 13:44:00-04:00,5.47,5.47,5.47,5.47,1,5.47,1,,13:44:00
2023-05-10 13:45:00-04:00,5.47,5.47,5.47,5.47,1,5.47,1,,13:45:00
2023-05-10 13:46:00-04:00,5.47,5.47,5.47,5.47,1,5.47,1,,13:46:00
2023-05-10 13:47:00-04:00,5.47,5.47,5.47,5.47,1,5.47,1,,13:47:00
2023-05-10 13:48:00-04:00,5.33,5.33,5.33,5.33,60,5.33,1,,13:48:00
2023-05-10 13:49:00-04:00,5.33,5.33,5.33,5.33,60,5.33,1,,13:49:00
2023-05-10 13:50:00-04:00,5.33,5.33,5.33,5.33,60,5.33,1,,13:50:00
2023-05-10 13:51:00-04:00,5.33,5.33,5.33,5.33,20,5.33,1,,13:51:00
2023-05-10 13:52:00-04:00,5.36,5.36,5.36,5.36,10,5.36,1,,13:52:00
2023-05-10 13:53:00-04:00,5.36,5.36,5.36,5.36,10,5.36,1,,13:53:00
2023-05-10 13:54:00-04:00,5.17,5.17,5.17,5.17,20,5.17,1,,13:54:00
2023-05-10 13:55:00-04:00,5.17,5.17,5.17,5.17,20,5.17,1,,13:55:00
2023-05-10 13:56:00-04:00,5.17,5.17,5.17,5.17,20,5.17,1,,13:56:00
2023-05-10 13:57:00-04:00,5.17,5.17,5.17,5.17,20,5.17,1,,13:57:00
2023-05-10 13:58:00-04:00,5.17,5.17,5.17,5.17,20,5.17,1,,13:58:00
2023-05-10 13:59:00-04:00,5.17,5.17,5.17,5.17,20,5.17,1,,13:59:00
2023-05-10 14:00:00-04:00,4.96,4.96,4.96,4.96,20,4.96,1,,14:00:00
2023-05-10 14:01:00-04:00,4.96,4.96,4.96,4.96,20,4.96,1,,14:01:00
2023-05-10 14:02:00-04:00,4.96,4.96,4.96,4.96,20,4.96,1,,14:02:00
2023-05-10 14:03:00-04:00,4.96,4.96,4.96,4.96,20,4.96,1,,14:03:00
2023-05-10 14:04:00-04:00,4.96,4.96,4.96,4.96,20,4.96,1,,14:04:00
2023-05-10 14:05:00-04:00,4.96,4.96,4.96,4.96,20,4.96,1,,14:05:00
2023-05-10 14:06:00-04:00,4.96,4.96,4.96,4.96,20,4.96,1,,14:06:00
2023-05-10 14:07:00-04:00,4.96,4.96,4.96,4.96,20,4.96,1,,14:07:00
2023-05-10 14:08:00-04:00,4.96,4.96,4.96,4.96,20,4.96,1,,14:08:00
2023-05-10 14:09:00-04:00,4.55,4.55,4.55,4.55,30,4.55,1,,14:09:00
2023-05-10 14:10:00-04:00,4.55,4.55,4.55,4.55,30,4.55,1,,14:10:00
2023-05-10 14:11:00-04:00,4.39,4.43,4.39,4.43,31,4.4287,2,,14:11:00
2023-05-10 14:12:00-04:00,4.39,4.43,4.39,4.43,31,4.4287,2,,14:12:00
2023-05-10 14:13:00-04:00,4.39,4.43,4.39,4.43,31,4.4287,2,,14:13:00
2023-05-10 14:14:00-04:00,4.39,4.43,4.39,4.43,31,4.4287,2,,14:14:00
2023-05-10 14:15:00-04:00,4.35,4.35,4.35,4.35,20,4.35,1,,14:15:00
2023-05-10 14:16:00-04:00,4.35,4.35,4.35,4.35,20,4.35,1,,14:16:00
2023-05-10 14:17:00-04:00,4.35,4.35,4.35,4.35,20,4.35,1,,14:17:00
2023-05-10 14:18:00-04:00,4.35,4.35,4.35,4.35,20,4.35,1,,14:18:00
2023-05-10 14:19:00-04:00,4.35,4.35,4.35,4.35,20,4.35,1,,14:19:00
2023-05-10 14:20:00-04:00,4.35,4.35,4.35,4.35,20,4.35,1,,14:20:00
2023-05-10 14:21:00-04:00,4.35,4.35,4.35,4.35,20,4.35,1,,14:21:00
2023-05-10 14:22:00-04:00,4.35,4.35,4.35,4.35,20,4.35,1,,14:22:00
2023-05-10 14:23:00-04:00,4.35,4.35,4.35,4.35,20,4.35,1,,14:23:00
2023-05-10 14:24:00-04:00,4.35,4.35,4.35,4.35,20,4.35,1,,14:24:00
2023-05-10 14:25:00-04:00,4.35,4.35,4.35,4.35,20,4.35,1,,14:25:00
2023-05-10 14:26:00-04:00,4.35,4.35,4.35,4.35,20,4.35,1,,14:26:00
2023-05-10 14:27:00-04:00,4.35,4.35,4.35,4.35,20,4.35,1,,14:27:00
2023-05-10 14:28:00-04:00,4.35,4.35,4.35,4.35,20,4.35,1,,14:28:00
2023-05-10 14:29:00-04:00,4.35,4.35,4.35,4.35,20,4.35,1,,14:29:00
2023-05-10 14:30:00-04:00,4.35,4.35,4.35,4.35,20,4.35,1,,14:30:00
2023-05-10 14:31:00-04:00,4.35,4.35,4.35,4.35,20,4.35,1,,14:31:00
2023-05-10 14:32:00-04:00,4.35,4.35,4.35,4.35,20,4.35,1,,14:32:00
2023-05-10 14:33:00-04:00,4.35,4.35,4.35,4.35,20,4.35,1,,14:33:00
2023-05-10 14:34:00-04:00,4.35,4.35,4.35,4.35,20,4.35,1,,14:34:00
2023-05-10 14:35:00-04:00,4.35,4.35,4.35,4.35,20,4.35,1,,14:35:00
2023-05-10 14:36:00-04:00,4.35,4.35,4.35,4.35,20,4.35,1,,14:36:00
2023-05-10 14:37:00-04:00,4.35,4.35,4.35,4.35,20,4.35,1,,14:37:00
2023-05-10 14:38:00-04:00,4.35,4.35,4.35,4.35,20,4.35,1,,14:38:00
2023-05-10 14:39:00-04:00,4.35,4.35,4.35,4.35,20,4.35,1,,14:39:00
2023-05-10 14:40:00-04:00,4.35,4.35,4.35,4.35,20,4.35,1,,14:40:00
2023-05-10 14:41:00-04:00,4.35,4.35,4.35,4.35,20,4.35,1,,14:41:00
2023-05-10 14:42:00-04:00,4.35,4.35,4.35,4.35,20,4.35,1,,14:42:00
2023-05-10 14:43:00-04:00,4.35,4.35,4.35,4.35,20,4.35,1,,14:43:00
2023-05-10 14:44:00-04:00,3.65,3.65,3.65,3.65,7,3.65,1,,14:44:00
2023-05-10 14:45:00-04:00,3.65,3.65,3.65,3.65,7,3.65,1,,14:45:00
2023-05-10 14:46:00-04:00,3.65,3.65,3.65,3.65,7,3.65,1,,14:46:00
2023-05-10 14:47:00-04:00,3.65,3.65,3.65,3.65,7,3.65,1,,14:47:00
2023-05-10 14:48:00-04:00,3.65,3.65,3.65,3.65,7,3.65,1,,14:48:00
2023-05-10 14:49:00-04:00,3.65,3.65,3.65,3.65,7,3.65,1,,14:49:00
2023-05-10 14:50:00-04:00,3.65,3.65,3.65,3.65,7,3.65,1,,14:50:00
2023-05-10 14:51:00-04:00,3.65,3.65,3.65,3.65,7,3.65,1,,14:51:00
2023-05-10 14:52:00-04:00,3.65,3.65,3.65,3.65,7,3.65,1,,14:52:00
2023-05-10 14:53:00-04:00,3.65,3.65,3.65,3.65,7,3.65,1,,14:53:00
2023-05-10 14:54:00-04:00,3.65,3.65,3.65,3.65,7,3.65,1,,14:54:00
2023-05-10 14:55:00-04:00,3.65,3.65,3.65,3.65,7,3.65,1,,14:55:00
2023-05-10 14:56:00-04:00,3.65,3.65,3.65,3.65,7,3.65,1,,14:56:00
2023-05-10 14:57:00-04:00,3.76,3.76,3.76,3.76,5,3.76,1,,14:57:00
2023-05-10 14:58:00-04:00,3.76,3.76,3.76,3.76,5,3.76,1,,14:58:00
2023-05-10 14:59:00-04:00,3.76,3.76,3.76,3.76,5,3.76,1,,14:59:00
2023-05-10 15:00:00-04:00,3.76,3.76,3.76,3.76,5,3.76,1,,15:00:00
2023-05-10 15:01:00-04:00,3.75,3.75,3.75,3.75,1,3.75,1,,15:01:00
2023-05-10 15:02:00-04:00,3.75,3.75,3.75,3.75,1,3.75,1,,15:02:00
2023-05-10 15:03:00-04:00,3.75,3.75,3.75,3.75,1,3.75,1,,15:03:00
2023-05-10 15:04:00-04:00,3.75,3.75,3.75,3.75,1,3.75,1,,15:04:00
2023-05-10 15:05:00-04:00,3.49,3.49,3.49,3.49,1,3.49,1,,15:05:00
2023-05-10 15:06:00-04:00,3.49,3.49,3.49,3.49,1,3.49,1,,15:06:00
2023-05-10 15:07:00-04:00,3.49,3.49,3.49,3.49,1,3.49,1,,15:07:00
2023-05-10 15:08:00-04:00,3.49,3.49,3.49,3.49,1,3.49,1,,15:08:00
2023-05-10 15:09:00-04:00,3.49,3.49,3.49,3.49,1,3.49,1,,15:09:00
2023-05-10 15:10:00-04:00,3.45,3.45,3.45,3.45,1,3.45,1,,15:10:00
2023-05-10 15:11:00-04:00,3.45,3.45,3.45,3.45,1,3.45,1,,15:11:00
2023-05-10 15:12:00-04:00,3.45,3.45,3.45,3.45,1,3.45,1,,15:12:00
2023-05-10 15:13:00-04:00,3.45,3.45,3.45,3.45,1,3.45,1,,15:13:00
2023-05-10 15:14:00-04:00,3.45,3.45,3.45,3.45,1,3.45,1,,15:14:00
2023-05-10 15:15:00-04:00,3.45,3.45,3.45,3.45,1,3.45,1,,15:15:00
2023-05-10 15:16:00-04:00,3.45,3.45,3.45,3.45,1,3.45,1,,15:16:00
2023-05-10 15:17:00-04:00,3.45,3.45,3.45,3.45,1,3.45,1,,15:17:00
2023-05-10 15:18:00-04:00,3.45,3.45,3.45,3.45,1,3.45,1,,15:18:00
2023-05-10 15:19:00-04:00,3.45,3.45,3.45,3.45,1,3.45,1,,15:19:00
2023-05-10 15:20:00-04:00,3.45,3.45,3.45,3.45,1,3.45,1,,15:20:00
2023-05-10 15:21:00-04:00,3.08,3.08,3.08,3.08,11,3.08,2,,15:21:00
2023-05-10 15:22:00-04:00,3.08,3.08,3.08,3.08,11,3.08,2,,15:22:00
2023-05-10 15:23:00-04:00,3.0,3.0,3.0,3.0,7,3.0,4,,15:23:00
2023-05-10 15:24:00-04:00,3.0,3.0,3.0,3.0,65,3.0,1,,15:24:00
2023-05-10 15:25:00-04:00,2.9,2.9,2.9,2.9,106,2.9,6,,15:25:00
2023-05-10 15:26:00-04:00,2.85,2.85,2.85,2.85,19,2.85,1,,15:26:00
2023-05-10 15:27:00-04:00,2.81,2.81,2.81,2.81,121,2.81,2,,15:27:00
2023-05-10 15:28:00-04:00,2.79,2.8,2.79,2.8,40,2.7925,3,,15:28:00
2023-05-10 15:29:00-04:00,2.9,2.9,2.9,2.9,42,2.9,3,,15:29:00
2023-05-10 15:30:00-04:00,2.9,2.9,2.9,2.9,42,2.9,3,,15:30:00
2023-05-10 15:31:00-04:00,2.9,2.9,2.9,2.9,42,2.9,3,,15:31:00
2023-05-10 15:32:00-04:00,2.83,2.83,2.83,2.83,21,2.83,3,,15:32:00
2023-05-10 15:33:00-04:00,2.83,2.83,2.83,2.83,21,2.83,3,,15:33:00
2023-05-10 15:34:00-04:00,2.83,2.83,2.83,2.83,21,2.83,3,,15:34:00
2023-05-10 15:35:00-04:00,2.83,2.83,2.83,2.83,21,2.83,3,,15:35:00
2023-05-10 15:36:00-04:00,2.83,2.83,2.83,2.83,21,2.83,3,,15:36:00
2023-05-10 15:37:00-04:00,2.77,2.77,2.77,2.77,1,2.77,1,,15:37:00
2023-05-10 15:38:00-04:00,2.77,2.77,2.77,2.77,1,2.77,1,,15:38:00
2023-05-10 15:39:00-04:00,2.86,2.86,2.84,2.84,2,2.85,2,,15:39:00
2023-05-10 15:40:00-04:00,2.86,2.86,2.84,2.84,2,2.85,2,,15:40:00
2023-05-10 15:41:00-04:00,2.8,2.81,2.8,2.81,13,2.8008,2,,15:41:00
2023-05-10 15:42:00-04:00,2.81,2.81,2.81,2.81,1,2.81,1,,15:42:00
2023-05-10 15:43:00-04:00,2.81,2.81,2.81,2.81,1,2.81,1,,15:43:00
2023-05-10 15:44:00-04:00,2.77,2.84,2.77,2.84,23,2.837,3,,15:44:00
2023-05-10 15:45:00-04:00,2.77,2.84,2.77,2.84,23,2.837,3,,15:45:00
2023-05-10 15:46:00-04:00,2.9,2.9,2.9,2.9,6,2.9,5,,15:46:00
2023-05-10 15:47:00-04:00,2.9,2.9,2.9,2.9,6,2.9,5,,15:47:00
2023-05-10 15:48:00-04:00,2.8,2.8,2.8,2.8,1,2.8,1,,15:48:00
2023-05-10 15:49:00-04:00,2.75,2.75,2.75,2.75,51,2.75,3,,15:49:00
2023-05-10 15:50:00-04:00,2.75,2.75,2.75,2.75,51,2.75,3,,15:50:00
2023-05-10 15:51:00-04:00,3.16,3.19,3.15,3.19,15,3.1773,3,,15:51:00
2023-05-10 15:52:00-04:00,3.19,3.2,3.19,3.2,98,3.1982,2,,15:52:00
2023-05-10 15:53:00-04:00,3.19,3.2,3.19,3.2,98,3.1982,2,,15:53:00
2023-05-10 15:54:00-04:00,3.19,3.2,3.19,3.2,98,3.1982,2,,15:54:00
2023-05-10 15:55:00-04:00,3.25,3.25,3.25,3.25,2,3.25,1,,15:55:00
2023-05-10 15:56:00-04:00,3.25,3.25,3.25,3.25,2,3.25,1,,15:56:00
2023-05-10 15:57:00-04:00,3.25,3.25,3.25,3.25,1,3.25,1,,15:57:00
2023-05-10 15:58:00-04:00,3.25,3.25,3.25,3.25,1,3.25,1,,15:58:00
